Component,Origin,License,Copyright
addr2line,https://github.com/gimli-rs/addr2line,Apache-2.0 OR MIT,The addr2line Authors
adler2,https://github.com/oyvindln/adler2,0BSD OR MIT OR Apache-2.0,"Jonas Schievink <jonasschievink@gmail.com>, oyvindln <oyvindln@users.noreply.github.com>"
ahash,https://github.com/tkaitchuck/ahash,MIT OR Apache-2.0,Tom Kaitchuck <Tom.Kaitchuck@gmail.com>
aho-corasick,https://github.com/BurntSushi/aho-corasick,Unlicense OR MIT,Andrew Gallant <jamslam@gmail.com>
android-tzdata,https://github.com/RumovZ/android-tzdata,MIT OR Apache-2.0,RumovZ
android_system_properties,https://github.com/nical/android_system_properties,MIT OR Apache-2.0,Nicolas Silva <nical@fastmail.com>
anes,https://github.com/zrzka/anes-rs,MIT OR Apache-2.0,Robert Vojta <rvojta@me.com>
anstream,https://github.com/rust-cli/anstyle,MIT OR Apache-2.0,The anstream Authors
anstyle,https://github.com/rust-cli/anstyle,MIT OR Apache-2.0,The anstyle Authors
anstyle-parse,https://github.com/rust-cli/anstyle,MIT OR Apache-2.0,The anstyle-parse Authors
anstyle-query,https://github.com/rust-cli/anstyle,MIT OR Apache-2.0,The anstyle-query Authors
anstyle-wincon,https://github.com/rust-cli/anstyle,MIT OR Apache-2.0,The anstyle-wincon Authors
anyhow,https://github.com/dtolnay/anyhow,MIT OR Apache-2.0,David Tolnay <dtolnay@gmail.com>
arc-swap,https://github.com/vorner/arc-swap,MIT OR Apache-2.0,Michal 'vorner' Vaner <vorner@vorner.cz>
async-compression,https://github.com/Nullus157/async-compression,MIT OR Apache-2.0,"Wim Looman <wim@nemo157.com>, Allen Bui <fairingrey@gmail.com>"
async-stream,https://github.com/tokio-rs/async-stream,MIT,Carl Lerche <me@carllerche.com>
async-trait,https://github.com/dtolnay/async-trait,MIT OR Apache-2.0,David Tolnay <dtolnay@gmail.com>
atomic,https://github.com/Amanieu/atomic-rs,Apache-2.0 OR MIT,Amanieu d'Antras <amanieu@gmail.com>
atomic-waker,https://github.com/smol-rs/atomic-waker,Apache-2.0 OR MIT,"Stjepan Glavina <stjepang@gmail.com>, Contributors to futures-rs"
average,https://github.com/vks/average,MIT OR Apache-2.0,Vinzent Steinberg <Vinzent.Steinberg@gmail.com>
aws-lc-rs,https://github.com/aws/aws-lc-rs,ISC AND (Apache-2.0 OR ISC),AWS-LibCrypto
aws-lc-sys,https://github.com/aws/aws-lc-rs,ISC AND (Apache-2.0 OR ISC) AND OpenSSL,AWS-LC
axum,https://github.com/tokio-rs/axum,MIT,The axum Authors
axum-core,https://github.com/tokio-rs/axum,MIT,The axum-core Authors
axum-extra,https://github.com/tokio-rs/axum,MIT,The axum-extra Authors
backon,https://github.com/Xuanwo/backon,Apache-2.0,The backon Authors
backtrace,https://github.com/rust-lang/backtrace-rs,MIT OR Apache-2.0,The Rust Project Developers
base64,https://github.com/marshallpierce/rust-base64,MIT OR Apache-2.0,"Alice Maz <alice@alicemaz.com>, Marshall Pierce <marshall@mpierce.org>"
base64,https://github.com/marshallpierce/rust-base64,MIT OR Apache-2.0,Marshall Pierce <marshall@mpierce.org>
bitflags,https://github.com/bitflags/bitflags,MIT OR Apache-2.0,The Rust Project Developers
bitmask-enum,https://github.com/Lukas3674/rust-bitmask-enum,MIT OR Apache-2.0,Lukas3674 <lukashassler@web.de>
block-buffer,https://github.com/RustCrypto/utils,MIT OR Apache-2.0,RustCrypto Developers
bollard,https://github.com/fussybeaver/bollard,Apache-2.0,Bollard contributors
bstr,https://github.com/BurntSushi/bstr,MIT OR Apache-2.0,Andrew Gallant <jamslam@gmail.com>
bumpalo,https://github.com/fitzgen/bumpalo,MIT OR Apache-2.0,Nick Fitzgerald <fitzgen@gmail.com>
byte-unit,https://github.com/magiclen/byte-unit,MIT,Magic Len <len@magiclen.org>
bytemuck,https://github.com/Lokathor/bytemuck,Zlib OR Apache-2.0 OR MIT,Lokathor <zefria@gmail.com>
byteorder,https://github.com/BurntSushi/byteorder,Unlicense OR MIT,Andrew Gallant <jamslam@gmail.com>
bytes,https://github.com/tokio-rs/bytes,MIT,"Carl Lerche <me@carllerche.com>, Sean McArthur <sean@seanmonstar.com>"
bytesize,https://github.com/hyunsik/bytesize,Apache-2.0,Hyunsik Choi <hyunsik.choi@gmail.com>
cast,https://github.com/japaric/cast.rs,MIT OR Apache-2.0,Jorge Aparicio <jorge@japaric.io>
cc,https://github.com/rust-lang/cc-rs,MIT OR Apache-2.0,Alex Crichton <alex@alexcrichton.com>
cexpr,https://github.com/jethrogb/rust-cexpr,Apache-2.0 OR MIT,Jethro Beekman <jethro@jbeekman.nl>
cfg-if,https://github.com/alexcrichton/cfg-if,MIT OR Apache-2.0,Alex Crichton <alex@alexcrichton.com>
chrono,https://github.com/chronotope/chrono,MIT OR Apache-2.0,The chrono Authors
chrono-tz,https://github.com/chronotope/chrono-tz,MIT OR Apache-2.0,The chrono-tz Authors
ciborium,https://github.com/enarx/ciborium,Apache-2.0,Nathaniel McCallum <npmccallum@profian.com>
clang-sys,https://github.com/KyleMayes/clang-sys,Apache-2.0,Kyle Mayes <kyle@mayeses.com>
clap,https://github.com/clap-rs/clap,MIT OR Apache-2.0,The clap Authors
clap_builder,https://github.com/clap-rs/clap,MIT OR Apache-2.0,The clap_builder Authors
clap_derive,https://github.com/clap-rs/clap,MIT OR Apache-2.0,The clap_derive Authors
clap_lex,https://github.com/clap-rs/clap,MIT OR Apache-2.0,The clap_lex Authors
colorchoice,https://github.com/rust-cli/anstyle,MIT OR Apache-2.0,The colorchoice Authors
console,https://github.com/console-rs/console,MIT,Armin Ronacher <armin.ronacher@active-4.com>
containerd-client,https://github.com/containerd/rust-extensions,Apache-2.0,"Maksym Pavlenko <pavlenko.maksym@gmail.com>, The containerd Authors"
core-foundation,https://github.com/servo/core-foundation-rs,MIT OR Apache-2.0,The Servo Project Developers
cpufeatures,https://github.com/RustCrypto/utils,MIT OR Apache-2.0,RustCrypto Developers
crc32fast,https://github.com/srijs/rust-crc32fast,MIT OR Apache-2.0,"Sam Rijs <srijs@airpost.net>, Alex Crichton <alex@alexcrichton.com>"
criterion-plot,https://github.com/bheisler/criterion.rs,MIT OR Apache-2.0,"Jorge Aparicio <japaricious@gmail.com>, Brook Heisler <brookheisler@gmail.com>"
crossbeam-channel,https://github.com/crossbeam-rs/crossbeam,MIT OR Apache-2.0,The crossbeam-channel Authors
crossbeam-deque,https://github.com/crossbeam-rs/crossbeam,MIT OR Apache-2.0,The crossbeam-deque Authors
crossbeam-epoch,https://github.com/crossbeam-rs/crossbeam,MIT OR Apache-2.0,The crossbeam-epoch Authors
crossbeam-queue,https://github.com/crossbeam-rs/crossbeam,MIT OR Apache-2.0,The crossbeam-queue Authors
crossbeam-utils,https://github.com/crossbeam-rs/crossbeam,MIT OR Apache-2.0,The crossbeam-utils Authors
crunchy,https://github.com/eira-fransham/crunchy,MIT,Eira Fransham <jackefransham@gmail.com>
crypto-common,https://github.com/RustCrypto/traits,MIT OR Apache-2.0,RustCrypto Developers
darling,https://github.com/TedDriggs/darling,MIT,Ted Driggs <ted.driggs@outlook.com>
dashmap,https://github.com/xacrimon/dashmap,MIT,Acrimon <joel.wejdenstal@gmail.com>
deranged,https://github.com/jhpratt/deranged,MIT OR Apache-2.0,Jacob Pratt <jacob@jhpratt.dev>
digest,https://github.com/RustCrypto/traits,MIT OR Apache-2.0,RustCrypto Developers
displaydoc,https://github.com/yaahc/displaydoc,MIT OR Apache-2.0,Jane Lusby <jlusby@yaah.dev>
easy-cast,https://github.com/kas-gui/easy-cast,Apache-2.0,Diggory Hardy <git@dhardy.name>
either,https://github.com/rayon-rs/either,MIT OR Apache-2.0,bluss
encode_unicode,https://github.com/tormol/encode_unicode,Apache-2.0 OR MIT,Torbjørn Birch Moltu <t.b.moltu@lyse.net>
equivalent,https://github.com/cuviper/equivalent,Apache-2.0 OR MIT,The equivalent Authors
errno,https://github.com/lambda-fairy/rust-errno,MIT OR Apache-2.0,Chris Wong <lambda.fairy@gmail.com>
fastrand,https://github.com/smol-rs/fastrand,Apache-2.0 OR MIT,Stjepan Glavina <stjepang@gmail.com>
figment,https://github.com/SergioBenitez/Figment,MIT OR Apache-2.0,Sergio Benitez <sb@sergio.bz>
fixedbitset,https://github.com/petgraph/fixedbitset,MIT OR Apache-2.0,bluss
flate2,https://github.com/rust-lang/flate2-rs,MIT OR Apache-2.0,"Alex Crichton <alex@alexcrichton.com>, Josh Triplett <josh@joshtriplett.org>"
float-cmp,https://github.com/mikedilger/float-cmp,MIT,Mike Dilger <mike@mikedilger.com>
float-ord,https://github.com/notriddle/rust-float-ord,MIT  OR  Apache-2.0,Michael Howell <michael@notriddle.com>
fnv,https://github.com/servo/rust-fnv,Apache-2.0  OR  MIT,Alex Crichton <alex@alexcrichton.com>
foldhash,https://github.com/orlp/foldhash,Zlib,Orson Peters <orsonpeters@gmail.com>
futures,https://github.com/rust-lang/futures-rs,MIT OR Apache-2.0,The futures Authors
futures-channel,https://github.com/rust-lang/futures-rs,MIT OR Apache-2.0,The futures-channel Authors
futures-core,https://github.com/rust-lang/futures-rs,MIT OR Apache-2.0,The futures-core Authors
futures-executor,https://github.com/rust-lang/futures-rs,MIT OR Apache-2.0,The futures-executor Authors
futures-io,https://github.com/rust-lang/futures-rs,MIT OR Apache-2.0,The futures-io Authors
futures-macro,https://github.com/rust-lang/futures-rs,MIT OR Apache-2.0,The futures-macro Authors
futures-sink,https://github.com/rust-lang/futures-rs,MIT OR Apache-2.0,The futures-sink Authors
futures-task,https://github.com/rust-lang/futures-rs,MIT OR Apache-2.0,The futures-task Authors
futures-util,https://github.com/rust-lang/futures-rs,MIT OR Apache-2.0,The futures-util Authors
generic-array,https://github.com/fizyk20/generic-array,MIT,"Bartłomiej Kamiński <fizyk20@gmail.com>, Aaron Trent <novacrazy@gmail.com>"
getrandom,https://github.com/rust-random/getrandom,MIT OR Apache-2.0,The Rand Project Developers
gimli,https://github.com/gimli-rs/gimli,MIT OR Apache-2.0,The gimli Authors
glob,https://github.com/rust-lang/glob,MIT OR Apache-2.0,The Rust Project Developers
h2,https://github.com/hyperium/h2,MIT,"Carl Lerche <me@carllerche.com>, Sean McArthur <sean@seanmonstar.com>"
half,https://github.com/starkat99/half-rs,MIT OR Apache-2.0,Kathryn Long <squeeself@gmail.com>
hashbrown,https://github.com/rust-lang/hashbrown,MIT OR Apache-2.0,Amanieu d'Antras <amanieu@gmail.com>
headers,https://github.com/hyperium/headers,MIT,Sean McArthur <sean@seanmonstar.com>
heck,https://github.com/withoutboats/heck,MIT OR Apache-2.0,The heck Authors
heck,https://github.com/withoutboats/heck,MIT OR Apache-2.0,Without Boats <woboats@gmail.com>
hermit-abi,https://github.com/hermit-os/hermit-rs,MIT OR Apache-2.0,Stefan Lankes
hex,https://github.com/KokaKiwi/rust-hex,MIT OR Apache-2.0,KokaKiwi <kokakiwi@kokakiwi.net>
home,https://github.com/rust-lang/cargo,MIT OR Apache-2.0,Brian Anderson <andersrb@gmail.com>
hostname,https://github.com/svartalf/hostname,MIT,"fengcen <fengcen.love@gmail.com>, svartalf <self@svartalf.info>"
http,https://github.com/hyperium/http,MIT OR Apache-2.0,"Alex Crichton <alex@alexcrichton.com>, Carl Lerche <me@carllerche.com>, Sean McArthur <sean@seanmonstar.com>"
http-body,https://github.com/hyperium/http-body,MIT,"Carl Lerche <me@carllerche.com>, Lucio Franco <luciofranco14@gmail.com>, Sean McArthur <sean@seanmonstar.com>"
http-serde-ext,https://github.com/andrewtoth/http-serde-ext,MIT,Andrew Toth
httparse,https://github.com/seanmonstar/httparse,MIT OR Apache-2.0,Sean McArthur <sean@seanmonstar.com>
httpdate,https://github.com/pyfisch/httpdate,MIT OR Apache-2.0,Pyfisch <pyfisch@posteo.org>
hyper,https://github.com/hyperium/hyper,MIT,Sean McArthur <sean@seanmonstar.com>
hyper-http-proxy,https://github.com/metalbear-co/hyper-http-proxy,MIT,MetalBear Tech LTD <hi@metalbear.co>
hyper-named-pipe,https://github.com/fussybeaver/hyper-named-pipe,Apache-2.0,The hyper-named-pipe Authors
hyper-rustls,https://github.com/rustls/hyper-rustls,Apache-2.0 OR ISC OR MIT,The hyper-rustls Authors
hyper-timeout,https://github.com/hjr3/hyper-timeout,MIT OR Apache-2.0,Herman J. Radtke III <herman@hermanradtke.com>
hyper-util,https://github.com/hyperium/hyper-util,MIT,Sean McArthur <sean@seanmonstar.com>
hyperlocal,https://github.com/softprops/hyperlocal,MIT,softprops <d.tangren@gmail.com>
iana-time-zone,https://github.com/strawlab/iana-time-zone,MIT OR Apache-2.0,"Andrew Straw <strawman@astraw.com>, René Kijewski <rene.kijewski@fu-berlin.de>, Ryan Lopopolo <rjl@hyperbo.la>"
iana-time-zone-haiku,https://github.com/strawlab/iana-time-zone,MIT OR Apache-2.0,René Kijewski <crates.io@k6i.de>
icu_collections,https://github.com/unicode-org/icu4x,Unicode-3.0,The ICU4X Project Developers
icu_locid,https://github.com/unicode-org/icu4x,Unicode-3.0,The ICU4X Project Developers
icu_locid_transform,https://github.com/unicode-org/icu4x,Unicode-3.0,The ICU4X Project Developers
icu_locid_transform_data,https://github.com/unicode-org/icu4x,Unicode-3.0,The ICU4X Project Developers
icu_normalizer,https://github.com/unicode-org/icu4x,Unicode-3.0,The ICU4X Project Developers
icu_normalizer_data,https://github.com/unicode-org/icu4x,Unicode-3.0,The ICU4X Project Developers
icu_properties,https://github.com/unicode-org/icu4x,Unicode-3.0,The ICU4X Project Developers
icu_properties_data,https://github.com/unicode-org/icu4x,Unicode-3.0,The ICU4X Project Developers
icu_provider,https://github.com/unicode-org/icu4x,Unicode-3.0,The ICU4X Project Developers
icu_provider_macros,https://github.com/unicode-org/icu4x,Unicode-3.0,The ICU4X Project Developers
ident_case,https://github.com/TedDriggs/ident_case,MIT OR Apache-2.0,Ted Driggs <ted.driggs@outlook.com>
idna_adapter,https://github.com/hsivonen/idna_adapter,Apache-2.0 OR MIT,The rust-url developers
indexmap,https://github.com/bluss/indexmap,Apache-2.0 OR MIT,The indexmap Authors
indexmap,https://github.com/indexmap-rs/indexmap,Apache-2.0 OR MIT,The indexmap Authors
inlinable_string,https://github.com/fitzgen/inlinable_string,Apache-2.0 OR MIT,Nick Fitzgerald <fitzgen@gmail.com>
ipnet,https://github.com/krisprice/ipnet,MIT OR Apache-2.0,Kris Price <kris@krisprice.nz>
is-terminal,https://github.com/sunfishcode/is-terminal,MIT,"softprops <d.tangren@gmail.com>, Dan Gohman <dev@sunfishcode.online>"
is_terminal_polyfill,https://github.com/polyfill-rs/is_terminal_polyfill,MIT OR Apache-2.0,The is_terminal_polyfill Authors
itertools,https://github.com/rust-itertools/itertools,MIT OR Apache-2.0,bluss
itoa,https://github.com/dtolnay/itoa,MIT OR Apache-2.0,David Tolnay <dtolnay@gmail.com>
jobserver,https://github.com/rust-lang/jobserver-rs,MIT OR Apache-2.0,Alex Crichton <alex@alexcrichton.com>
js-sys,https://github.com/rustwasm/wasm-bindgen/tree/master/crates/js-sys,MIT OR Apache-2.0,The wasm-bindgen Developers
jsonpath-rust,https://github.com/besok/jsonpath-rust,MIT,BorisZhguchev <zhguchev@gmail.com>
k8s-openapi,https://github.com/Arnavion/k8s-openapi,Apache-2.0,Arnav Singh <me@arnavion.dev>
kube,https://github.com/kube-rs/kube,Apache-2.0,"clux <sszynrae@gmail.com>, Natalie Klestrup Röijezon <nat@nullable.se>, kazk <kazk.dev@gmail.com>"
lading-payload,https://github.com/datadog/lading,MIT,"Brian L. Troutwine <brian.troutwine@datadoghq.com>, George Hahn <george.hahn@datadoghq.com"
lazy_static,https://github.com/rust-lang-nursery/lazy-static.rs,MIT OR Apache-2.0,Marvin Löbel <loebel.marvin@gmail.com>
lazycell,https://github.com/indiv0/lazycell,MIT OR Apache-2.0,"Alex Crichton <alex@alexcrichton.com>, Nikita Pekin <contact@nikitapek.in>"
libc,https://github.com/rust-lang/libc,MIT OR Apache-2.0,The Rust Project Developers
libloading,https://github.com/nagisa/rust_libloading,ISC,Simonas Kazlauskas <libloading@kazlauskas.me>
libm,https://github.com/rust-lang/libm,MIT AND (MIT OR Apache-2.0),Jorge Aparicio <jorge@japaric.io>
linux-raw-sys,https://github.com/sunfishcode/linux-raw-sys,Apache-2.0 WITH LLVM-exception OR Apache-2.0 OR MIT,Dan Gohman <dev@sunfishcode.online>
litemap,https://github.com/unicode-org/icu4x,Unicode-3.0,The ICU4X Project Developers
log,https://github.com/rust-lang/log,MIT OR Apache-2.0,The Rust Project Developers
matchers,https://github.com/hawkw/matchers,MIT,Eliza Weisman <eliza@buoyant.io>
matchit,https://github.com/ibraheemdev/matchit,MIT AND BSD-3-Clause,Ibraheem Ahmed <ibraheem@ibraheem.ca>
matrixmultiply,https://github.com/bluss/matrixmultiply,MIT OR Apache-2.0,"bluss, R. Janis Goldschmidt"
memchr,https://github.com/BurntSushi/memchr,Unlicense OR MIT,"Andrew Gallant <jamslam@gmail.com>, bluss"
metrics,https://github.com/metrics-rs/metrics,MIT,Toby Lawrence <toby@nuclearfurnace.com>
mime,https://github.com/hyperium/mime,MIT OR Apache-2.0,Sean McArthur <sean@seanmonstar.com>
minimal-lexical,https://github.com/Alexhuszagh/minimal-lexical,MIT OR Apache-2.0,Alex Huszagh <ahuszagh@gmail.com>
miniz_oxide,https://github.com/Frommi/miniz_oxide/tree/master/miniz_oxide,MIT OR Zlib OR Apache-2.0,"Frommi <daniil.liferenko@gmail.com>, oyvindln <oyvindln@users.noreply.github.com>, Rich Geldreich richgel99@gmail.com"
mintex,https://github.com/garypen/mintex,Apache-2.0,garypen <garypen@gmail.com>
mio,https://github.com/tokio-rs/mio,MIT,"Carl Lerche <me@carllerche.com>, Thomas de Zeeuw <thomasdezeeuw@gmail.com>, Tokio Contributors <team@tokio.rs>"
multimap,https://github.com/havarnov/multimap,MIT OR Apache-2.0,Håvar Nøvik <havar.novik@gmail.com>
ndarray,https://github.com/rust-ndarray/ndarray,MIT OR Apache-2.0,"Ulrik Sverdrup ""bluss"", Jim Turner"
noisy_float,https://github.com/SergiusIW/noisy_float-rs,Apache-2.0,Matthew Michelotti <matthew@matthewmichelotti.com>
nom,https://github.com/Geal/nom,MIT,contact@geoffroycouprie.com
nu-ansi-term,https://github.com/nushell/nu-ansi-term,MIT,"ogham@bsago.me, Ryan Scheel (Havvy) <ryan.havvy@gmail.com>, Josh Triplett <josh@joshtriplett.org>, The Nushell Project Developers"
num-complex,https://github.com/rust-num/num-complex,MIT OR Apache-2.0,The Rust Project Developers
num-conv,https://github.com/jhpratt/num-conv,MIT OR Apache-2.0,Jacob Pratt <jacob@jhpratt.dev>
num-integer,https://github.com/rust-num/num-integer,MIT OR Apache-2.0,The Rust Project Developers
num-traits,https://github.com/rust-num/num-traits,MIT OR Apache-2.0,The Rust Project Developers
num_threads,https://github.com/jhpratt/num_threads,MIT OR Apache-2.0,Jacob Pratt <open-source@jhpratt.dev>
object,https://github.com/gimli-rs/object,Apache-2.0 OR MIT,The object Authors
once_cell,https://github.com/matklad/once_cell,MIT OR Apache-2.0,Aleksey Kladov <aleksey.kladov@gmail.com>
oorandom,https://hg.sr.ht/~icefox/oorandom,MIT,Simon Heath <icefox@dreamquest.io>
openssl-probe,https://github.com/alexcrichton/openssl-probe,MIT OR Apache-2.0,Alex Crichton <alex@alexcrichton.com>
opentelemetry,https://github.com/open-telemetry/opentelemetry-rust,Apache-2.0,The opentelemetry Authors
opentelemetry-proto,https://github.com/open-telemetry/opentelemetry-rust/tree/main/opentelemetry-proto,Apache-2.0,OpenTelemetry Authors <cncf-opentelemetry-contributors@lists.cncf.io>
opentelemetry_api,https://github.com/open-telemetry/opentelemetry-rust,Apache-2.0,The opentelemetry_api Authors
opentelemetry_sdk,https://github.com/open-telemetry/opentelemetry-rust,Apache-2.0,The opentelemetry_sdk Authors
ordered-float,https://github.com/reem/rust-ordered-float,MIT,"Jonathan Reem <jonathan.reem@gmail.com>, Matt Brubeck <mbrubeck@limpet.net>"
overload,https://github.com/danaugrs/overload,MIT,Daniel Salvadori <danaugrs@gmail.com>
papaya,https://github.com/ibraheemdev/papaya,MIT,Ibraheem Ahmed <ibraheem@ibraheem.ca>
parking_lot,https://github.com/Amanieu/parking_lot,MIT OR Apache-2.0,Amanieu d'Antras <amanieu@gmail.com>
parse-zoneinfo,https://github.com/chronotope/chrono-tz,MIT,The parse-zoneinfo Authors
paste,https://github.com/dtolnay/paste,MIT OR Apache-2.0,David Tolnay <dtolnay@gmail.com>
pear,https://github.com/SergioBenitez/Pear,MIT OR Apache-2.0,Sergio Benitez <sb@sergio.bz>
pear_codegen,https://github.com/SergioBenitez/Pear,MIT OR Apache-2.0,Sergio Benitez <sb@sergio.bz>
pem,https://github.com/jcreekmore/pem-rs,MIT,Jonathan Creekmore <jonathan@thecreekmores.org>
pest,https://github.com/pest-parser/pest,MIT OR Apache-2.0,Dragoș Tiselice <dragostiselice@gmail.com>
petgraph,https://github.com/petgraph/petgraph,MIT OR Apache-2.0,"bluss, mitchmindtree"
phf,https://github.com/rust-phf/rust-phf,MIT,Steven Fackler <sfackler@gmail.com>
pin-project,https://github.com/taiki-e/pin-project,Apache-2.0 OR MIT,The pin-project Authors
pin-project-internal,https://github.com/taiki-e/pin-project,Apache-2.0 OR MIT,The pin-project-internal Authors
pin-project-lite,https://github.com/taiki-e/pin-project-lite,Apache-2.0 OR MIT,The pin-project-lite Authors
pin-utils,https://github.com/rust-lang-nursery/pin-utils,MIT OR Apache-2.0,Josef Brandl <mail@josefbrandl.de>
plotters,https://github.com/plotters-rs/plotters,MIT,Hao Hou <haohou302@gmail.com>
portable-atomic,https://github.com/taiki-e/portable-atomic,Apache-2.0 OR MIT,The portable-atomic Authors
portable-atomic-util,https://github.com/taiki-e/portable-atomic,Apache-2.0 OR MIT,The portable-atomic-util Authors
powerfmt,https://github.com/jhpratt/powerfmt,MIT OR Apache-2.0,Jacob Pratt <jacob@jhpratt.dev>
ppv-lite86,https://github.com/cryptocorrosion/cryptocorrosion,MIT OR Apache-2.0,The CryptoCorrosion Contributors
prettyplease,https://github.com/dtolnay/prettyplease,MIT OR Apache-2.0,David Tolnay <dtolnay@gmail.com>
proc-macro2,https://github.com/dtolnay/proc-macro2,MIT OR Apache-2.0,"David Tolnay <dtolnay@gmail.com>, Alex Crichton <alex@alexcrichton.com>"
proc-macro2-diagnostics,https://github.com/SergioBenitez/proc-macro2-diagnostics,MIT OR Apache-2.0,Sergio Benitez <sb@sergio.bz>
prost,https://github.com/tokio-rs/prost,Apache-2.0,"Dan Burkert <dan@danburkert.com>, Lucio Franco <luciofranco14@gmail.com, Tokio Contributors <team@tokio.rs>"
prost,https://github.com/tokio-rs/prost,Apache-2.0,"Dan Burkert <dan@danburkert.com>, Lucio Franco <luciofranco14@gmail.com>, Casper Meijn <casper@meijn.net>, Tokio Contributors <team@tokio.rs>"
prost-build,https://github.com/tokio-rs/prost,Apache-2.0,"Dan Burkert <dan@danburkert.com>, Lucio Franco <luciofranco14@gmail.com>, Tokio Contributors <team@tokio.rs>"
prost-derive,https://github.com/tokio-rs/prost,Apache-2.0,"Dan Burkert <dan@danburkert.com>, Lucio Franco <luciofranco14@gmail.com>, Tokio Contributors <team@tokio.rs>"
protobuf,https://github.com/stepancheg/rust-protobuf,MIT,Stepan Koltsov <stepan.koltsov@gmail.com>
protobuf-parse,https://github.com/stepancheg/rust-protobuf/tree/master/protobuf-parse,MIT,Stepan Koltsov <stepan.koltsov@gmail.com>
quanta,https://github.com/metrics-rs/quanta,MIT,Toby Lawrence <toby@nuclearfurnace.com>
quick_cache,https://github.com/arthurprs/quick-cache,MIT,Arthur Silva <arthurprs@gmail.com>
quote,https://github.com/dtolnay/quote,MIT OR Apache-2.0,David Tolnay <dtolnay@gmail.com>
rand,https://github.com/rust-random/rand,MIT OR Apache-2.0,"The Rand Project Developers, The Rust Project Developers"
rand_chacha,https://github.com/rust-random/rand,MIT OR Apache-2.0,"The Rand Project Developers, The Rust Project Developers, The CryptoCorrosion Contributors"
rand_xorshift,https://github.com/rust-random/rngs,MIT OR Apache-2.0,"The Rand Project Developers, The Rust Project Developers"
raw-cpuid,https://github.com/gz/rust-cpuid,MIT,Gerd Zellweger <mail@gerdzellweger.com>
rawpointer,https://github.com/bluss/rawpointer,MIT OR Apache-2.0,bluss
rayon,https://github.com/rayon-rs/rayon,MIT OR Apache-2.0,"Niko Matsakis <niko@alum.mit.edu>, Josh Stone <cuviper@gmail.com>"
rcgen,https://github.com/rustls/rcgen,MIT OR Apache-2.0,The rcgen Authors
redox_syscall,https://gitlab.redox-os.org/redox-os/syscall,MIT,Jeremy Soller <jackpot51@gmail.com>
regex,https://github.com/rust-lang/regex,MIT OR Apache-2.0,"The Rust Project Developers, Andrew Gallant <jamslam@gmail.com>"
regex-automata,https://github.com/BurntSushi/regex-automata,Unlicense OR MIT,Andrew Gallant <jamslam@gmail.com>
regex-automata,https://github.com/rust-lang/regex/tree/master/regex-automata,MIT OR Apache-2.0,"The Rust Project Developers, Andrew Gallant <jamslam@gmail.com>"
regex-syntax,https://github.com/rust-lang/regex,MIT OR Apache-2.0,The Rust Project Developers
regex-syntax,https://github.com/rust-lang/regex/tree/master/regex-syntax,MIT OR Apache-2.0,"The Rust Project Developers, Andrew Gallant <jamslam@gmail.com>"
reqwest,https://github.com/seanmonstar/reqwest,MIT OR Apache-2.0,Sean McArthur <sean@seanmonstar.com>
ring,https://github.com/briansmith/ring,ISC AND Custom,Brian Smith <brian@briansmith.org>
rmp,https://github.com/3Hren/msgpack-rust,MIT,Evgeny Safronov <division494@gmail.com>
rmp-serde,https://github.com/3Hren/msgpack-rust,MIT,Evgeny Safronov <division494@gmail.com>
rustc-demangle,https://github.com/rust-lang/rustc-demangle,MIT OR Apache-2.0,Alex Crichton <alex@alexcrichton.com>
rustc-hash,https://github.com/rust-lang-nursery/rustc-hash,Apache-2.0 OR MIT,The Rust Project Developers
rustix,https://github.com/bytecodealliance/rustix,Apache-2.0 WITH LLVM-exception OR Apache-2.0 OR MIT,"Dan Gohman <dev@sunfishcode.online>, Jakub Konka <kubkon@jakubkonka.com>"
rustls,https://github.com/rustls/rustls,Apache-2.0 OR ISC OR MIT,The rustls Authors
rustls-native-certs,https://github.com/rustls/rustls-native-certs,Apache-2.0 OR ISC OR MIT,The rustls-native-certs Authors
rustls-pemfile,https://github.com/rustls/pemfile,Apache-2.0 OR ISC OR MIT,The rustls-pemfile Authors
rustls-pki-types,https://github.com/rustls/pki-types,MIT OR Apache-2.0,The rustls-pki-types Authors
rustls-webpki,https://github.com/rustls/webpki,ISC,The rustls-webpki Authors
rustversion,https://github.com/dtolnay/rustversion,MIT OR Apache-2.0,David Tolnay <dtolnay@gmail.com>
ryu,https://github.com/dtolnay/ryu,Apache-2.0 OR BSL-1.0,David Tolnay <dtolnay@gmail.com>
same-file,https://github.com/BurntSushi/same-file,Unlicense OR MIT,Andrew Gallant <jamslam@gmail.com>
schannel,https://github.com/steffengy/schannel-rs,MIT,"Steven Fackler <sfackler@gmail.com>, Steffen Butzer <steffen.butzer@outlook.com>"
scopeguard,https://github.com/bluss/scopeguard,MIT OR Apache-2.0,bluss
secrecy,https://github.com/iqlusioninc/crates/tree/main/secrecy,Apache-2.0 OR MIT,Tony Arcieri <tony@iqlusion.io>
security-framework,https://github.com/kornelski/rust-security-framework,MIT OR Apache-2.0,"Steven Fackler <sfackler@gmail.com>, Kornel <kornel@geekhood.net>"
seize,https://github.com/ibraheemdev/seize,MIT,Ibraheem Ahmed <ibraheem@ibraheem.ca>
serde,https://github.com/serde-rs/serde,MIT OR Apache-2.0,"Erick Tryzelaar <erick.tryzelaar@gmail.com>, David Tolnay <dtolnay@gmail.com>"
serde-value,https://github.com/arcnmx/serde-value,MIT,arcnmx
serde_html_form,https://github.com/jplatte/serde_html_form,MIT,The serde_html_form Authors
serde_json,https://github.com/serde-rs/json,MIT OR Apache-2.0,"Erick Tryzelaar <erick.tryzelaar@gmail.com>, David Tolnay <dtolnay@gmail.com>"
serde_path_to_error,https://github.com/dtolnay/path-to-error,MIT OR Apache-2.0,David Tolnay <dtolnay@gmail.com>
serde_repr,https://github.com/dtolnay/serde-repr,MIT OR Apache-2.0,David Tolnay <dtolnay@gmail.com>
serde_spanned,https://github.com/toml-rs/toml,MIT OR Apache-2.0,The serde_spanned Authors
serde_tuple,https://github.com/kardeiz/serde_tuple,MIT,Jacob Brown <kardeiz@gmail.com>
serde_urlencoded,https://github.com/nox/serde_urlencoded,MIT OR Apache-2.0,Anthony Ramine <n.oxyde@gmail.com>
serde_with,https://github.com/jonasbb/serde_with,MIT OR Apache-2.0,"Jonas Bushart, Marcin Kaźmierczak"
serde_with_macros,https://github.com/jonasbb/serde_with,MIT OR Apache-2.0,Jonas Bushart
serde_yaml,https://github.com/dtolnay/serde-yaml,MIT OR Apache-2.0,David Tolnay <dtolnay@gmail.com>
sha1,https://github.com/RustCrypto/hashes,MIT OR Apache-2.0,RustCrypto Developers
sharded-slab,https://github.com/hawkw/sharded-slab,MIT,Eliza Weisman <eliza@buoyant.io>
shlex,https://github.com/comex/rust-shlex,MIT OR Apache-2.0,"comex <comexk@gmail.com>, Fenhl <fenhl@fenhl.net>, Adrian Taylor <adetaylor@chromium.org>, Alex Touchet <alextouchet@outlook.com>, Daniel Parks <dp+git@oxidized.org>, Garrett Berg <googberg@gmail.com>"
signal-hook-registry,https://github.com/vorner/signal-hook,Apache-2.0 OR MIT,"Michal 'vorner' Vaner <vorner@vorner.cz>, Masaki Hara <ackie.h.gmai@gmail.com>"
simdutf8,https://github.com/rusticstuff/simdutf8,MIT OR Apache-2.0,Hans Kratz <hans@appfour.com>
similar,https://github.com/mitsuhiko/similar,Apache-2.0,"Armin Ronacher <armin.ronacher@active-4.com>, Pierre-Étienne Meunier <pe@pijul.org>, Brandon Williams <bwilliams.eng@gmail.com>"
siphasher,https://github.com/jedisct1/rust-siphash,MIT OR Apache-2.0,Frank Denis <github@pureftpd.org>
slab,https://github.com/tokio-rs/slab,MIT,Carl Lerche <me@carllerche.com>
smallvec,https://github.com/servo/rust-smallvec,MIT OR Apache-2.0,The Servo Project Developers
snafu,https://github.com/shepmaster/snafu,MIT OR Apache-2.0,Jake Goulding <jake.goulding@gmail.com>
socket2,https://github.com/rust-lang/socket2,MIT OR Apache-2.0,"Alex Crichton <alex@alexcrichton.com>, Thomas de Zeeuw <thomasdezeeuw@gmail.com>"
spin,https://github.com/mvdnes/spin-rs,MIT,"Mathijs van de Nes <git@mathijs.vd-nes.nl>, John Ericson <git@JohnEricson.me>, Joshua Barretto <joshua.s.barretto@gmail.com>"
stable_deref_trait,https://github.com/storyyeller/stable_deref_trait,MIT OR Apache-2.0,Robert Grosse <n210241048576@gmail.com>
strsim,https://github.com/rapidfuzz/strsim-rs,MIT,"Danny Guo <danny@dannyguo.com>, maxbachmann <oss@maxbachmann.de>"
subtle,https://github.com/dalek-cryptography/subtle,BSD-3-Clause,"Isis Lovecruft <isis@patternsinthevoid.net>, Henry de Valence <hdevalence@hdevalence.ca>"
syn,https://github.com/dtolnay/syn,MIT OR Apache-2.0,David Tolnay <dtolnay@gmail.com>
sync_wrapper,https://github.com/Actyx/sync_wrapper,Apache-2.0,Actyx AG <developer@actyx.io>
synstructure,https://github.com/mystor/synstructure,MIT,Nika Layzell <nika@thelayzells.com>
target-triple,https://github.com/dtolnay/target-triple,MIT OR Apache-2.0,David Tolnay <dtolnay@gmail.com>
tempfile,https://github.com/Stebalien/tempfile,MIT OR Apache-2.0,"Steven Allen <steven@stebalien.com>, The Rust Project Developers, Ashley Mannix <ashleymannix@live.com.au>, Jason White <me@jasonwhite.io>"
termcolor,https://github.com/BurntSushi/termcolor,Unlicense OR MIT,Andrew Gallant <jamslam@gmail.com>
terminal_size,https://github.com/eminence/terminal-size,MIT OR Apache-2.0,Andrew Chin <achin@eminence32.net>
thiserror,https://github.com/dtolnay/thiserror,MIT OR Apache-2.0,David Tolnay <dtolnay@gmail.com>
thousands,https://github.com/tov/thousands-rs,MIT OR Apache-2.0,Jesse A. Tov <jesse.tov@gmail.com>
thread_local,https://github.com/Amanieu/thread_local-rs,MIT OR Apache-2.0,Amanieu d'Antras <amanieu@gmail.com>
tikv-jemalloc-ctl,https://github.com/tikv/jemallocator,MIT OR Apache-2.0,"Steven Fackler <sfackler@gmail.com>, Gonzalo Brito Gadeschi <gonzalobg88@gmail.com>, The TiKV Project Developers"
tikv-jemalloc-sys,https://github.com/tikv/jemallocator,MIT OR Apache-2.0,"Alex Crichton <alex@alexcrichton.com>, Gonzalo Brito Gadeschi <gonzalobg88@gmail.com>, The TiKV Project Developers"
tikv-jemallocator,https://github.com/tikv/jemallocator,MIT OR Apache-2.0,"Alex Crichton <alex@alexcrichton.com>, Gonzalo Brito Gadeschi <gonzalobg88@gmail.com>, Simon Sapin <simon.sapin@exyr.org>, Steven Fackler <sfackler@gmail.com>, The TiKV Project Developers"
time,https://github.com/time-rs/time,MIT OR Apache-2.0,"Jacob Pratt <open-source@jhpratt.dev>, Time contributors"
tinystr,https://github.com/unicode-org/icu4x,Unicode-3.0,The ICU4X Project Developers
tinytemplate,https://github.com/bheisler/TinyTemplate,Apache-2.0 OR MIT,Brook Heisler <brookheisler@gmail.com>
tokio,https://github.com/tokio-rs/tokio,MIT,Tokio Contributors <team@tokio.rs>
tokio-io-timeout,https://github.com/sfackler/tokio-io-timeout,MIT OR Apache-2.0,Steven Fackler <sfackler@gmail.com>
tokio-rustls,https://github.com/rustls/tokio-rustls,MIT OR Apache-2.0,The tokio-rustls Authors
toml,https://github.com/toml-rs/toml,MIT OR Apache-2.0,Alex Crichton <alex@alexcrichton.com>
toml_edit,https://github.com/toml-rs/toml,MIT OR Apache-2.0,"Andronik Ordian <write@reusable.software>, Ed Page <eopage@gmail.com>"
tonic,https://github.com/hyperium/tonic,MIT,Lucio Franco <luciofranco14@gmail.com>
tower,https://github.com/tower-rs/tower,MIT,Tower Maintainers <team@tower-rs.com>
tower-http,https://github.com/tower-rs/tower-http,MIT,Tower Maintainers <team@tower-rs.com>
tracing,https://github.com/tokio-rs/tracing,MIT,"Eliza Weisman <eliza@buoyant.io>, Tokio Contributors <team@tokio.rs>"
tracing-attributes,https://github.com/tokio-rs/tracing,MIT,"Tokio Contributors <team@tokio.rs>, Eliza Weisman <eliza@buoyant.io>, David Barsky <dbarsky@amazon.com>"
tracing-core,https://github.com/tokio-rs/tracing,MIT,Tokio Contributors <team@tokio.rs>
tracing-log,https://github.com/tokio-rs/tracing,MIT,Tokio Contributors <team@tokio.rs>
tracing-serde,https://github.com/tokio-rs/tracing,MIT,Tokio Contributors <team@tokio.rs>
tracing-subscriber,https://github.com/tokio-rs/tracing,MIT,"Eliza Weisman <eliza@buoyant.io>, David Barsky <me@davidbarsky.com>, Tokio Contributors <team@tokio.rs>"
triomphe,https://github.com/Manishearth/triomphe,MIT OR Apache-2.0,"Manish Goregaokar <manishsmail@gmail.com>, The Servo Project Developers"
try-lock,https://github.com/seanmonstar/try-lock,MIT,Sean McArthur <sean@seanmonstar.com>
typenum,https://github.com/paholg/typenum,MIT OR Apache-2.0,"Paho Lurie-Gregg <paho@paholg.com>, Andre Bogus <bogusandre@gmail.com>"
ucd-trie,https://github.com/BurntSushi/ucd-generate,MIT OR Apache-2.0,Andrew Gallant <jamslam@gmail.com>
unarray,https://github.com/cameron1024/unarray,MIT OR Apache-2.0,The unarray Authors
uncased,https://github.com/SergioBenitez/uncased,MIT OR Apache-2.0,Sergio Benitez <sb@sergio.bz>
unicode-ident,https://github.com/dtolnay/unicode-ident,(MIT OR Apache-2.0) AND Unicode-3.0,David Tolnay <dtolnay@gmail.com>
unicode-segmentation,https://github.com/unicode-rs/unicode-segmentation,MIT OR Apache-2.0,"kwantam <kwantam@gmail.com>, Manish Goregaokar <manishsmail@gmail.com>"
unsafe-libyaml,https://github.com/dtolnay/unsafe-libyaml,MIT,David Tolnay <dtolnay@gmail.com>
untrusted,https://github.com/briansmith/untrusted,ISC,Brian Smith <brian@briansmith.org>
url,https://github.com/servo/rust-url,MIT OR Apache-2.0,The rust-url developers
utf16_iter,https://github.com/hsivonen/utf16_iter,Apache-2.0 OR MIT,Henri Sivonen <hsivonen@hsivonen.fi>
utf8-width,https://github.com/magiclen/utf8-width,MIT,Magic Len <len@magiclen.org>
utf8_iter,https://github.com/hsivonen/utf8_iter,Apache-2.0 OR MIT,Henri Sivonen <hsivonen@hsivonen.fi>
utf8parse,https://github.com/alacritty/vte,Apache-2.0 OR MIT,"Joe Wilm <joe@jwilm.com>, Christian Duerr <contact@christianduerr.com>"
uuid,https://github.com/uuid-rs/uuid,Apache-2.0 OR MIT,"Ashley Mannix<ashleymannix@live.com.au>, Dylan DPC<dylan.dpc@gmail.com>, Hunar Roop Kahlon<hunar.roop@gmail.com>"
valuable,https://github.com/tokio-rs/valuable,MIT,The valuable Authors
walkdir,https://github.com/BurntSushi/walkdir,Unlicense OR MIT,Andrew Gallant <jamslam@gmail.com>
want,https://github.com/seanmonstar/want,MIT,Sean McArthur <sean@seanmonstar.com>
wasi,https://github.com/bytecodealliance/wasi,Apache-2.0 WITH LLVM-exception OR Apache-2.0 OR MIT,The Cranelift Project Developers
wasm-bindgen,https://github.com/rustwasm/wasm-bindgen,MIT OR Apache-2.0,The wasm-bindgen Developers
wasm-bindgen-backend,https://github.com/rustwasm/wasm-bindgen/tree/master/crates/backend,MIT OR Apache-2.0,The wasm-bindgen Developers
wasm-bindgen-futures,https://github.com/rustwasm/wasm-bindgen/tree/master/crates/futures,MIT OR Apache-2.0,The wasm-bindgen Developers
wasm-bindgen-macro,https://github.com/rustwasm/wasm-bindgen/tree/master/crates/macro,MIT OR Apache-2.0,The wasm-bindgen Developers
wasm-bindgen-macro-support,https://github.com/rustwasm/wasm-bindgen/tree/master/crates/macro-support,MIT OR Apache-2.0,The wasm-bindgen Developers
wasm-bindgen-shared,https://github.com/rustwasm/wasm-bindgen/tree/master/crates/shared,MIT OR Apache-2.0,The wasm-bindgen Developers
web-sys,https://github.com/rustwasm/wasm-bindgen/tree/master/crates/web-sys,MIT OR Apache-2.0,The wasm-bindgen Developers
which,https://github.com/harryfei/which-rs,MIT,Harry Fei <tiziyuanfang@gmail.com>
winapi,https://github.com/retep998/winapi-rs,MIT OR Apache-2.0,Peter Atashian <retep998@gmail.com>
winapi-util,https://github.com/BurntSushi/winapi-util,Unlicense OR MIT,Andrew Gallant <jamslam@gmail.com>
windows,https://github.com/microsoft/windows-rs,MIT OR Apache-2.0,Microsoft
winnow,https://github.com/winnow-rs/winnow,MIT,The winnow Authors
write16,https://github.com/hsivonen/write16,Apache-2.0 OR MIT,The write16 Authors
writeable,https://github.com/unicode-org/icu4x,Unicode-3.0,The ICU4X Project Developers
yansi,https://github.com/SergioBenitez/yansi,MIT OR Apache-2.0,Sergio Benitez <sb@sergio.bz>
yasna,https://github.com/qnighy/yasna.rs,MIT OR Apache-2.0,Masaki Hara <ackie.h.gmai@gmail.com>
yoke,https://github.com/unicode-org/icu4x,Unicode-3.0,Manish Goregaokar <manishsmail@gmail.com>
yoke-derive,https://github.com/unicode-org/icu4x,Unicode-3.0,Manish Goregaokar <manishsmail@gmail.com>
zerocopy,https://github.com/google/zerocopy,BSD-2-Clause OR Apache-2.0 OR MIT,Joshua Liebow-Feeser <joshlf@google.com>
zerofrom,https://github.com/unicode-org/icu4x,Unicode-3.0,Manish Goregaokar <manishsmail@gmail.com>
zerofrom-derive,https://github.com/unicode-org/icu4x,Unicode-3.0,Manish Goregaokar <manishsmail@gmail.com>
zeroize,https://github.com/RustCrypto/utils/tree/master/zeroize,Apache-2.0 OR MIT,The RustCrypto Project Developers
zerovec,https://github.com/unicode-org/icu4x,Unicode-3.0,The ICU4X Project Developers
zerovec-derive,https://github.com/unicode-org/icu4x,Unicode-3.0,Manish Goregaokar <manishsmail@gmail.com>
zstd,https://github.com/gyscos/zstd-rs,MIT,Alexandre Bury <alexandre.bury@gmail.com>
zstd-safe,https://github.com/gyscos/zstd-rs,MIT OR Apache-2.0,Alexandre Bury <alexandre.bury@gmail.com>
zstd-sys,https://github.com/gyscos/zstd-rs,MIT OR Apache-2.0,Alexandre Bury <alexandre.bury@gmail.com>
